	CURRENT ROUND IN-PROCESS STATS - 2025							STATE	COUNT	Successful Order % in 2025															65
	ORDER SECURED (yellow):	=countColoredCells("Working List 2025!A2:A", "#ffff00", Z1)						AK	=COUNTIF('Working List 2025'!E2:E, I2)	=LET(rate, IFERROR(COUNTIFS('Working List 2025'!$E$2:$E, I2, 'Working List 2025'!$J$2:$J, "Successful Order") / COUNTIF('Working List 2025'!$E$2:$E, I2), 0), IF(rate=0, "", rate))															
	NOT INTERESTED (white & "not interested" in NOTES)	=COUNTIF('Working List 2025'!J2:J, "*not interested*")						AL		=LET(rate, IFERROR(COUNTIFS('Working List 2025'!$E$2:$E, I3, 'Working List 2025'!$J$2:$J, "Successful Order") / COUNTIF('Working List 2025'!$E$2:$E, I3), 0), IF(rate=0, "", rate))															
UPDATE STATS	CALLBACK (fuchsia):	=countColoredCells("Working List 2025!A2:A", "#ff00ff", Z1)						AR	=COUNTIF('Working List 2025'!E2:E, I4)	=LET(rate, IFERROR(COUNTIFS('Working List 2025'!$E$2:$E, I4, 'Working List 2025'!$J$2:$J, "Successful Order") / COUNTIF('Working List 2025'!$E$2:$E, I4), 0), IF(rate=0, "", rate))															
	CURRENT ROUND'S UNCALLED (white & NO "not interested" in NOTES):	=countColoredCells("Working List 2025!A2:A", "#ffffff", Z1) - C3						AZ	=COUNTIF('Working List 2025'!E2:E, I5)	=LET(rate, IFERROR(COUNTIFS('Working List 2025'!$E$2:$E, I5, 'Working List 2025'!$J$2:$J, "Successful Order") / COUNTIF('Working List 2025'!$E$2:$E, I5), 0), IF(rate=0, "", rate))															
	VERIFY ACTIVITY/VALIDITY (red):	=countColoredCells("Working List 2025!A2:A", "#ff0000", Z1)						CA	=COUNTIF('Working List 2025'!E2:E, I6)	=LET(rate, IFERROR(COUNTIFS('Working List 2025'!$E$2:$E, I6, 'Working List 2025'!$J$2:$J, "Successful Order") / COUNTIF('Working List 2025'!$E$2:$E, I6), 0), IF(rate=0, "", rate))															
	UNRESOLVED EMAILS (green):	=countColoredCells("Working List 2025!A2:A", "#00ff00", Z1)						CO	=COUNTIF('Working List 2025'!E2:E, I7)	=LET(rate, IFERROR(COUNTIFS('Working List 2025'!$E$2:$E, I7, 'Working List 2025'!$J$2:$J, "Successful Order") / COUNTIF('Working List 2025'!$E$2:$E, I7), 0), IF(rate=0, "", rate))															
								CT	=COUNTIF('Working List 2025'!E2:E, I8)	=LET(rate, IFERROR(COUNTIFS('Working List 2025'!$E$2:$E, I8, 'Working List 2025'!$J$2:$J, "Successful Order") / COUNTIF('Working List 2025'!$E$2:$E, I8), 0), IF(rate=0, "", rate))															
	TOTAL ACTIVE VALID CONTACTS:	=F9-C6-F10		TOTAL CONTACTS	=(COUNTA('Working List 2025'!A2:A))+F10			DE	=COUNTIF('Working List 2025'!E2:E, I9)	=LET(rate, IFERROR(COUNTIFS('Working List 2025'!$E$2:$E, I9, 'Working List 2025'!$J$2:$J, "Successful Order") / COUNTIF('Working List 2025'!$E$2:$E, I9), 0), IF(rate=0, "", rate))															
				TOTAL INACTIVE CONTACTS:	=COUNTIF('Invalid/Inactive List'!G2:G, "INACTIVE")			FL	=COUNTIF('Working List 2025'!E2:E, I10)	=LET(rate, IFERROR(COUNTIFS('Working List 2025'!$E$2:$E, I10, 'Working List 2025'!$J$2:$J, "Successful Order") / COUNTIF('Working List 2025'!$E$2:$E, I10), 0), IF(rate=0, "", rate))															
								GA	=COUNTIF('Working List 2025'!E2:E, I11)	=LET(rate, IFERROR(COUNTIFS('Working List 2025'!$E$2:$E, I11, 'Working List 2025'!$J$2:$J, "Successful Order") / COUNTIF('Working List 2025'!$E$2:$E, I11), 0), IF(rate=0, "", rate))															
		=((C4+C5+C7)/C9) * 100	% unresolved (callback, uncalled, unresolved emails)					HI	=COUNTIF('Working List 2025'!E2:E, I12)	=LET(rate, IFERROR(COUNTIFS('Working List 2025'!$E$2:$E, I12, 'Working List 2025'!$J$2:$J, "Successful Order") / COUNTIF('Working List 2025'!$E$2:$E, I12), 0), IF(rate=0, "", rate))															
		=C5/C9 * 100	% uncalled numbers					IA	=COUNTIF('Working List 2025'!E2:E, I13)	=LET(rate, IFERROR(COUNTIFS('Working List 2025'!$E$2:$E, I13, 'Working List 2025'!$J$2:$J, "Successful Order") / COUNTIF('Working List 2025'!$E$2:$E, I13), 0), IF(rate=0, "", rate))															
		=C2/C9 * 100	% ordered this round					ID	=COUNTIF('Working List 2025'!E2:E, I14)	=LET(rate, IFERROR(COUNTIFS('Working List 2025'!$E$2:$E, I14, 'Working List 2025'!$J$2:$J, "Successful Order") / COUNTIF('Working List 2025'!$E$2:$E, I14), 0), IF(rate=0, "", rate))															
	PROGRESS	=((C2+C3)/C9) * 100	% resolved					IL	=COUNTIF('Working List 2025'!E2:E, I15)	=LET(rate, IFERROR(COUNTIFS('Working List 2025'!$E$2:$E, I15, 'Working List 2025'!$J$2:$J, "Successful Order") / COUNTIF('Working List 2025'!$E$2:$E, I15), 0), IF(rate=0, "", rate))															
		=C14/C15 * 100	% OF RESOLVED that ordered this round					IN	=COUNTIF('Working List 2025'!E2:E, I16)	=LET(rate, IFERROR(COUNTIFS('Working List 2025'!$E$2:$E, I16, 'Working List 2025'!$J$2:$J, "Successful Order") / COUNTIF('Working List 2025'!$E$2:$E, I16), 0), IF(rate=0, "", rate))															
								KS	=COUNTIF('Working List 2025'!E2:E, I17)	=LET(rate, IFERROR(COUNTIFS('Working List 2025'!$E$2:$E, I17, 'Working List 2025'!$J$2:$J, "Successful Order") / COUNTIF('Working List 2025'!$E$2:$E, I17), 0), IF(rate=0, "", rate))															
								KY	=COUNTIF('Working List 2025'!E2:E, I18)	=LET(rate, IFERROR(COUNTIFS('Working List 2025'!$E$2:$E, I18, 'Working List 2025'!$J$2:$J, "Successful Order") / COUNTIF('Working List 2025'!$E$2:$E, I18), 0), IF(rate=0, "", rate))															
								LA	=COUNTIF('Working List 2025'!E2:E, I19)	=LET(rate, IFERROR(COUNTIFS('Working List 2025'!$E$2:$E, I19, 'Working List 2025'!$J$2:$J, "Successful Order") / COUNTIF('Working List 2025'!$E$2:$E, I19), 0), IF(rate=0, "", rate))															
								MA	=COUNTIF('Working List 2025'!E2:E, I20)	=LET(rate, IFERROR(COUNTIFS('Working List 2025'!$E$2:$E, I20, 'Working List 2025'!$J$2:$J, "Successful Order") / COUNTIF('Working List 2025'!$E$2:$E, I20), 0), IF(rate=0, "", rate))															
								MD	=COUNTIF('Working List 2025'!E2:E, I21)	=LET(rate, IFERROR(COUNTIFS('Working List 2025'!$E$2:$E, I21, 'Working List 2025'!$J$2:$J, "Successful Order") / COUNTIF('Working List 2025'!$E$2:$E, I21), 0), IF(rate=0, "", rate))															
	2025 STATS							ME	=COUNTIF('Working List 2025'!E2:E, I22)	=LET(rate, IFERROR(COUNTIFS('Working List 2025'!$E$2:$E, I22, 'Working List 2025'!$J$2:$J, "Successful Order") / COUNTIF('Working List 2025'!$E$2:$E, I22), 0), IF(rate=0, "", rate))															
	TOTAL ORDERS	=COUNTIF('Working List 2025'!I2:I, ">0")		=C23*C24				MI	=COUNTIF('Working List 2025'!E2:E, I23)	=LET(rate, IFERROR(COUNTIFS('Working List 2025'!$E$2:$E, I23, 'Working List 2025'!$J$2:$J, "Successful Order") / COUNTIF('Working List 2025'!$E$2:$E, I23), 0), IF(rate=0, "", rate))															
	AVG ORDER SIZE	=AVERAGEIF('Working List 2025'!I2:I, ">0")						MN	=COUNTIF('Working List 2025'!E2:E, I24)	=LET(rate, IFERROR(COUNTIFS('Working List 2025'!$E$2:$E, I24, 'Working List 2025'!$J$2:$J, "Successful Order") / COUNTIF('Working List 2025'!$E$2:$E, I24), 0), IF(rate=0, "", rate))															
		=C23/C9 * 100	% of total active valid contacts					MO	=COUNTIF('Working List 2025'!E2:E, I25)	=LET(rate, IFERROR(COUNTIFS('Working List 2025'!$E$2:$E, I25, 'Working List 2025'!$J$2:$J, "Successful Order") / COUNTIF('Working List 2025'!$E$2:$E, I25), 0), IF(rate=0, "", rate))															
								MS	=COUNTIF('Working List 2025'!E2:E, I26)	=LET(rate, IFERROR(COUNTIFS('Working List 2025'!$E$2:$E, I26, 'Working List 2025'!$J$2:$J, "Successful Order") / COUNTIF('Working List 2025'!$E$2:$E, I26), 0), IF(rate=0, "", rate))															
								MT	=COUNTIF('Working List 2025'!E2:E, I27)	=LET(rate, IFERROR(COUNTIFS('Working List 2025'!$E$2:$E, I27, 'Working List 2025'!$J$2:$J, "Successful Order") / COUNTIF('Working List 2025'!$E$2:$E, I27), 0), IF(rate=0, "", rate))															
								NC	=COUNTIF('Working List 2025'!E2:E, I28)	=LET(rate, IFERROR(COUNTIFS('Working List 2025'!$E$2:$E, I28, 'Working List 2025'!$J$2:$J, "Successful Order") / COUNTIF('Working List 2025'!$E$2:$E, I28), 0), IF(rate=0, "", rate))															
	2024 STATS							ND	=COUNTIF('Working List 2025'!E2:E, I29)	=LET(rate, IFERROR(COUNTIFS('Working List 2025'!$E$2:$E, I29, 'Working List 2025'!$J$2:$J, "Successful Order") / COUNTIF('Working List 2025'!$E$2:$E, I29), 0), IF(rate=0, "", rate))															
	TOTAL ORDERS	=COUNTIF('OLD Working List 2024'!H2:H, ">0")		=C30*C31				NE	=COUNTIF('Working List 2025'!E2:E, I30)	=LET(rate, IFERROR(COUNTIFS('Working List 2025'!$E$2:$E, I30, 'Working List 2025'!$J$2:$J, "Successful Order") / COUNTIF('Working List 2025'!$E$2:$E, I30), 0), IF(rate=0, "", rate))															
	AVG ORDER SIZE	=AVERAGEIF('OLD Working List 2024'!H2:H, ">0")						NH	=COUNTIF('Working List 2025'!E2:E, I31)	=LET(rate, IFERROR(COUNTIFS('Working List 2025'!$E$2:$E, I31, 'Working List 2025'!$J$2:$J, "Successful Order") / COUNTIF('Working List 2025'!$E$2:$E, I31), 0), IF(rate=0, "", rate))															
		=C30/C9 * 100	% of total active valid contacts					NJ	=COUNTIF('Working List 2025'!E2:E, I32)	=LET(rate, IFERROR(COUNTIFS('Working List 2025'!$E$2:$E, I32, 'Working List 2025'!$J$2:$J, "Successful Order") / COUNTIF('Working List 2025'!$E$2:$E, I32), 0), IF(rate=0, "", rate))															
								NM	=COUNTIF('Working List 2025'!E2:E, I33)	=LET(rate, IFERROR(COUNTIFS('Working List 2025'!$E$2:$E, I33, 'Working List 2025'!$J$2:$J, "Successful Order") / COUNTIF('Working List 2025'!$E$2:$E, I33), 0), IF(rate=0, "", rate))															
								NV	=COUNTIF('Working List 2025'!E2:E, I34)	=LET(rate, IFERROR(COUNTIFS('Working List 2025'!$E$2:$E, I34, 'Working List 2025'!$J$2:$J, "Successful Order") / COUNTIF('Working List 2025'!$E$2:$E, I34), 0), IF(rate=0, "", rate))															
								NY	=COUNTIF('Working List 2025'!E2:E, I35)	=LET(rate, IFERROR(COUNTIFS('Working List 2025'!$E$2:$E, I35, 'Working List 2025'!$J$2:$J, "Successful Order") / COUNTIF('Working List 2025'!$E$2:$E, I35), 0), IF(rate=0, "", rate))															
	2023 STATS							OH	=COUNTIF('Working List 2025'!E2:E, I36)	=LET(rate, IFERROR(COUNTIFS('Working List 2025'!$E$2:$E, I36, 'Working List 2025'!$J$2:$J, "Successful Order") / COUNTIF('Working List 2025'!$E$2:$E, I36), 0), IF(rate=0, "", rate))															
	TOTAL ORDERS	=COUNTIF('OLD Working List 2024'!G2:G, ">0")		=C37*C38				OK	=COUNTIF('Working List 2025'!E2:E, I37)	=LET(rate, IFERROR(COUNTIFS('Working List 2025'!$E$2:$E, I37, 'Working List 2025'!$J$2:$J, "Successful Order") / COUNTIF('Working List 2025'!$E$2:$E, I37), 0), IF(rate=0, "", rate))															
	AVG ORDER SIZE	=AVERAGEIF('OLD Working List 2024'!G2:G, ">0")						OR	=COUNTIF('Working List 2025'!E2:E, I38)	=LET(rate, IFERROR(COUNTIFS('Working List 2025'!$E$2:$E, I38, 'Working List 2025'!$J$2:$J, "Successful Order") / COUNTIF('Working List 2025'!$E$2:$E, I38), 0), IF(rate=0, "", rate))															
		=C37/C9 * 100	% of total active valid contacts					PA	=COUNTIF('Working List 2025'!E2:E, I39)	=LET(rate, IFERROR(COUNTIFS('Working List 2025'!$E$2:$E, I39, 'Working List 2025'!$J$2:$J, "Successful Order") / COUNTIF('Working List 2025'!$E$2:$E, I39), 0), IF(rate=0, "", rate))															
								RI	=COUNTIF('Working List 2025'!E2:E, I40)	=LET(rate, IFERROR(COUNTIFS('Working List 2025'!$E$2:$E, I40, 'Working List 2025'!$J$2:$J, "Successful Order") / COUNTIF('Working List 2025'!$E$2:$E, I40), 0), IF(rate=0, "", rate))															
								SC	=COUNTIF('Working List 2025'!E2:E, I41)	=LET(rate, IFERROR(COUNTIFS('Working List 2025'!$E$2:$E, I41, 'Working List 2025'!$J$2:$J, "Successful Order") / COUNTIF('Working List 2025'!$E$2:$E, I41), 0), IF(rate=0, "", rate))															
								SD	=COUNTIF('Working List 2025'!E2:E, I42)	=LET(rate, IFERROR(COUNTIFS('Working List 2025'!$E$2:$E, I42, 'Working List 2025'!$J$2:$J, "Successful Order") / COUNTIF('Working List 2025'!$E$2:$E, I42), 0), IF(rate=0, "", rate))															
								TN	=COUNTIF('Working List 2025'!E2:E, I43)	=LET(rate, IFERROR(COUNTIFS('Working List 2025'!$E$2:$E, I43, 'Working List 2025'!$J$2:$J, "Successful Order") / COUNTIF('Working List 2025'!$E$2:$E, I43), 0), IF(rate=0, "", rate))															
								TX	=COUNTIF('Working List 2025'!E2:E, I44)	=LET(rate, IFERROR(COUNTIFS('Working List 2025'!$E$2:$E, I44, 'Working List 2025'!$J$2:$J, "Successful Order") / COUNTIF('Working List 2025'!$E$2:$E, I44), 0), IF(rate=0, "", rate))															
								UT	=COUNTIF('Working List 2025'!E2:E, I45)	=LET(rate, IFERROR(COUNTIFS('Working List 2025'!$E$2:$E, I45, 'Working List 2025'!$J$2:$J, "Successful Order") / COUNTIF('Working List 2025'!$E$2:$E, I45), 0), IF(rate=0, "", rate))															
								VA	=COUNTIF('Working List 2025'!E2:E, I46)	=LET(rate, IFERROR(COUNTIFS('Working List 2025'!$E$2:$E, I46, 'Working List 2025'!$J$2:$J, "Successful Order") / COUNTIF('Working List 2025'!$E$2:$E, I46), 0), IF(rate=0, "", rate))															
								VT	=COUNTIF('Working List 2025'!E2:E, I47)	=LET(rate, IFERROR(COUNTIFS('Working List 2025'!$E$2:$E, I47, 'Working List 2025'!$J$2:$J, "Successful Order") / COUNTIF('Working List 2025'!$E$2:$E, I47), 0), IF(rate=0, "", rate))															
								WA	=COUNTIF('Working List 2025'!E2:E, I48)	=LET(rate, IFERROR(COUNTIFS('Working List 2025'!$E$2:$E, I48, 'Working List 2025'!$J$2:$J, "Successful Order") / COUNTIF('Working List 2025'!$E$2:$E, I48), 0), IF(rate=0, "", rate))															
								WI	=COUNTIF('Working List 2025'!E2:E, I49)	=LET(rate, IFERROR(COUNTIFS('Working List 2025'!$E$2:$E, I49, 'Working List 2025'!$J$2:$J, "Successful Order") / COUNTIF('Working List 2025'!$E$2:$E, I49), 0), IF(rate=0, "", rate))															
								WV	=COUNTIF('Working List 2025'!E2:E, I50)	=LET(rate, IFERROR(COUNTIFS('Working List 2025'!$E$2:$E, I50, 'Working List 2025'!$J$2:$J, "Successful Order") / COUNTIF('Working List 2025'!$E$2:$E, I50), 0), IF(rate=0, "", rate))															
								WY	=COUNTIF('Working List 2025'!E2:E, I51)	=LET(rate, IFERROR(COUNTIFS('Working List 2025'!$E$2:$E, I51, 'Working List 2025'!$J$2:$J, "Successful Order") / COUNTIF('Working List 2025'!$E$2:$E, I51), 0), IF(rate=0, "", rate))															
																									
																									
																									
																									
																									
																									
																									
																									
																									
																									
																									
																									
																									
																									
																									
																									
																									
																									
																									
																									
																									
																									
																									
																									
																									